,Location,Restaurant Name,Rating,Number of Ratings,Cuisine
0,Hyderabad,1. Deccan Pavilion,5.0 of 5 bubbles,953 reviews,"Indian, Asian"
1,Hyderabad,2. Dum Pukht Begum's,5.0 of 5 bubbles,478 reviews,Indian
2,Hyderabad,3. Yi Jing,5.0 of 5 bubbles,416 reviews,"Chinese, Asian"
3,Hyderabad,4. Ottimo Cucina Italiana,5.0 of 5 bubbles,384 reviews,"Italian, Pizza"
4,Hyderabad,5. Golconda Pavilion,5.0 of 5 bubbles,681 reviews,"Chinese, American"
5,Hyderabad,6. Bidri,5.0 of 5 bubbles,302 reviews,Indian
6,Hyderabad,7. Feast,5.0 of 5 bubbles,316 reviews,"Indian, Contemporary"
7,Hyderabad,8. Altitude - Lounge & Bar,5.0 of 5 bubbles,249 reviews,"Italian, Indian"
8,Hyderabad,9. Kanak,5.0 of 5 bubbles,177 reviews,Indian
9,Hyderabad,10. Zega,5.0 of 5 bubbles,479 reviews,"Chinese, Japanese"
10,Hyderabad,11. Indus - Coffee Shop & Multi-Cuisine Restaurant,5.0 of 5 bubbles,141 reviews,"Chinese, Contemporary"
11,Hyderabad,12. Okra,5.0 of 5 bubbles,752 reviews,"Indian, Asian"
12,Hyderabad,13. Saffron Soul,5.0 of 5 bubbles,162 reviews,Indian
13,Hyderabad,14. Kebabs & Kurries,5.0 of 5 bubbles,996 reviews,Indian
14,Hyderabad,15. MoMo Cafe,5.0 of 5 bubbles,731 reviews,"Bar, Cafe"
15,Hyderabad,16. Dakshin,5.0 of 5 bubbles,886 reviews,Indian
16,Hyderabad,17. Prego,4.5 of 5 bubbles,347 reviews,"Italian, Pizza"
17,Hyderabad,18. Jewel of Nizam – The Minar,4.5 of 5 bubbles,503 reviews,"Indian, Asian"
18,Hyderabad,19. Seasonal Tastes,4.5 of 5 bubbles,317 reviews,"Indian, Asian"
19,Hyderabad,20. Amara,4.5 of 5 bubbles,167 reviews,"Indian, Asian"
20,Hyderabad,21. Mekong,4.5 of 5 bubbles,199 reviews,"Sushi, Thai"
21,Hyderabad,22. Plaza Premium International Departure Lounge,4.5 of 5 bubbles,328 reviews,"Indian, Bar"
22,Hyderabad,23. Mazzo,5.0 of 5 bubbles,82 reviews,"Italian, Indian"
23,Hyderabad,24. Food Exchange,4.5 of 5 bubbles,226 reviews,"Indian, International"
24,Hyderabad,25. Absolute Barbecue,4.5 of 5 bubbles,720 reviews,"Indian, Barbecue"
25,Hyderabad,26. Mix,4.5 of 5 bubbles,147 reviews,"Indian, Bar"
26,Hyderabad,27. Barbeque Nation,4.5 of 5 bubbles,859 reviews,"Indian, Barbecue"
27,Hyderabad,28. Bawarchi,4.5 of 5 bubbles,920 reviews,"Indian, Asian"
28,Hyderabad,29. Thai Pavillion at Hotel Vivanta by Taj,4.5 of 5 bubbles,157 reviews,"Asian, Thai"
29,Hyderabad,30. Jewel Of Nizam,4.5 of 5 bubbles,252 reviews,Indian
30,Patna,1. Bansi Vihar,4.0 of 5 bubbles,165 reviews,"Indian, Asian"
31,Patna,2. Biryani Mahal,4.0 of 5 bubbles,173 reviews,"Indian, Asian"
32,Patna,3. Dominos,4.0 of 5 bubbles,99 reviews,"Pizza, Fast food"
33,Patna,4. Mainland China,4.5 of 5 bubbles,119 reviews,"Chinese, Asian"
34,Patna,5. 17 Degrees,4.0 of 5 bubbles,118 reviews,"Asian, Indian"
35,Patna,6. Kapil Dev's Elevens,4.0 of 5 bubbles,69 reviews,"Indian, Asian"
36,Patna,7. Cookbook Cafe,4.5 of 5 bubbles,44 reviews,"Chinese, Cafe"
37,Patna,8. Indian Summer Cafe,4.0 of 5 bubbles,53 reviews,"Indian, Cafe"
38,Patna,9. takshila,4.0 of 5 bubbles,45 reviews,"Indian, Asian"
39,Patna,10. Raj Rasoi,4.0 of 5 bubbles,61 reviews,"Indian, Asian"
40,Patna,11. Basant Vihar,4.0 of 5 bubbles,53 reviews,"Indian, Asian"
41,Patna,12. KFC,4.0 of 5 bubbles,69 reviews,"Quick Bites, American"
42,Patna,13. Pind Balluchi,3.5 of 5 bubbles,234 reviews,"Indian, Asian"
43,Patna,14. Yo China,4.0 of 5 bubbles,73 reviews,"Chinese, Fast food"
44,Patna,15. The Yellow Chilli,4.0 of 5 bubbles,74 reviews,"Chinese, Indian"
45,Patna,16. Forks n Pins,4.0 of 5 bubbles,27 reviews,"Indian, Chinese"
46,Patna,17. Gandhali resturant,4.5 of 5 bubbles,17 reviews,"Indian, Asian"
47,Patna,18. Citrus Cafe,4.5 of 5 bubbles,15 reviews,"Indian, Asian"
48,Patna,19. Bollywood Treats,4.0 of 5 bubbles,39 reviews,"Indian, Mexican"
49,Patna,20. Thanco Natural Icecream,4.5 of 5 bubbles,20 reviews,Dessert
50,Patna,21. Lakhu Da Dhaba,4.0 of 5 bubbles,34 reviews,"Chinese, Indian"
51,Patna,22. Pizza Hut,4.0 of 5 bubbles,27 reviews,"Pizza, Fast food"
52,Patna,23. CROWN CASTLE FINE DINE RESTAURANT,4.0 of 5 bubbles,33 reviews,"Chinese, Indian"
53,Patna,24. Bawarchi,4.0 of 5 bubbles,16 reviews,Indian
54,Patna,25. Domino's Pizza,4.0 of 5 bubbles,33 reviews,Pizza
55,Patna,26. Chatkara Food Court,4.0 of 5 bubbles,18 reviews,"Indian, Fast food"
56,Patna,27. angeethi,4.0 of 5 bubbles,36 reviews,"Indian, Chinese"
57,Patna,28. Pukhtaan - The Royal Taste of India,4.0 of 5 bubbles,44 reviews,"Indian, Barbecue"
58,Patna,29. Barbeque Nation,4.0 of 5 bubbles,22 reviews,"Chinese, Indian"
59,Patna,30. Dominos,4.0 of 5 bubbles,17 reviews,"Pizza, Italian"
60,Mumbai,1. Delhi Highway,5.0 of 5 bubbles,93 reviews,"Indian, Fast food"
61,Mumbai,2. Delhi Highway,5.0 of 5 bubbles,83 reviews,"Indian, Street Food"
62,Mumbai,3. Tanatan,5.0 of 5 bubbles,86 reviews,Indian
63,Mumbai,4. Peshwa Pavilion,5.0 of 5 bubbles,"1,049 reviews","Indian, Asian"
64,Mumbai,5. Citrus Cafe,5.0 of 5 bubbles,94 reviews,"Italian, Indian"
65,Mumbai,6. Ummrao,5.0 of 5 bubbles,134 reviews,Indian
66,Mumbai,7. Fifty Five East - Grand Hyatt Mumbai Hotel and Residences,4.5 of 5 bubbles,609 reviews,"Asian, Indian"
67,Mumbai,8. Mabruk,5.0 of 5 bubbles,212 reviews,"Lebanese, Moroccan"
68,Mumbai,9. Lake View Cafe,4.5 of 5 bubbles,"1,302 reviews","Indian, Cafe"
69,Mumbai,10. Kebabs & Kurries,4.5 of 5 bubbles,755 reviews,Indian
70,Mumbai,11. Yeda Republic,5.0 of 5 bubbles,80 reviews,"Indian, Bar"
71,Mumbai,12. East Asian Spice Trail,5.0 of 5 bubbles,251 reviews,"Chinese, Asian"
72,Mumbai,13. 180 Degrees,4.5 of 5 bubbles,286 reviews,"Indian, Asian"
73,Mumbai,14. The Earth Plate,4.5 of 5 bubbles,471 reviews,"Indian, Chinese"
74,Mumbai,15. Gallery Cafe,5.0 of 5 bubbles,88 reviews,"Indian, International"
75,Mumbai,16. Nawab Saheb,5.0 of 5 bubbles,899 reviews,Indian
76,Mumbai,17. Mostly Grills,4.5 of 5 bubbles,628 reviews,"Indian, Bar"
77,Mumbai,18. Ark Bar,5.0 of 5 bubbles,474 reviews,"Bar, Pub"
78,Mumbai,19. Manuhaar- The Taste of Tradition,5.0 of 5 bubbles,147 reviews,Indian
79,Mumbai,20. Bombay High,5.0 of 5 bubbles,155 reviews,Bar
80,Mumbai,21. Peshawri,4.5 of 5 bubbles,"1,868 reviews",Indian
81,Mumbai,22. Shanghai Club,4.5 of 5 bubbles,200 reviews,"Chinese, Asian"
82,Mumbai,23. Loco Loca,5.0 of 5 bubbles,121 reviews,₹₹ - ₹₹₹
83,Mumbai,24. JW Cafe,5.0 of 5 bubbles,"1,296 reviews","Japanese, Indian"
84,Mumbai,25. Boulevard,4.5 of 5 bubbles,500 reviews,"Indian, Asian"
85,Mumbai,26. Hornby's Pavilion,4.5 of 5 bubbles,563 reviews,"Indian, Asian"
86,Mumbai,27. Tanatan,4.5 of 5 bubbles,247 reviews,"Indian, Bar"
87,Mumbai,28. Baluchi,4.5 of 5 bubbles,420 reviews,"Diner, Indian"
88,Mumbai,29. Fleur Restaurant,4.5 of 5 bubbles,207 reviews,"Italian, Indian"
89,Mumbai,30. Romano's,5.0 of 5 bubbles,716 reviews,"Italian, Pizza"
90,Jaipur,1. The Rajput Room,5.0 of 5 bubbles,597 reviews,"Indian, Asian"
91,Jaipur,2. The Verandah,5.0 of 5 bubbles,488 reviews,"Indian, International"
92,Jaipur,3. Cinnamon,5.0 of 5 bubbles,499 reviews,Indian
93,Jaipur,4. Socorro,5.0 of 5 bubbles,392 reviews,"Italian, European"
94,Jaipur,5. Marble Arch,5.0 of 5 bubbles,434 reviews,"Indian, International"
95,Jaipur,6. Suvarna Mahal,5.0 of 5 bubbles,888 reviews,Indian
96,Jaipur,7. Hotel Sweet Dream Restaurant,5.0 of 5 bubbles,"1,973 reviews","Pizza, Indian"
97,Jaipur,8. Steam,5.0 of 5 bubbles,985 reviews,"Bar, International"
98,Jaipur,9. Mosaic,5.0 of 5 bubbles,394 reviews,"Indian, Asian"
99,Jaipur,10. House of Han,5.0 of 5 bubbles,344 reviews,"Chinese, Fast food"
100,Jaipur,11. Polo Bar,5.0 of 5 bubbles,257 reviews,"Bar, Wine Bar"
101,Jaipur,12. Govindam Retreat,5.0 of 5 bubbles,"2,437 reviews","Indian, Pizza"
102,Jaipur,13. Hawk View Restaurant & Bar,5.0 of 5 bubbles,"1,480 reviews","Indian, Asian"
103,Jaipur,14. The Royal Root,5.0 of 5 bubbles,236 reviews,Indian
104,Jaipur,15. Baluchi,5.0 of 5 bubbles,980 reviews,"Indian, Fusion"
105,Jaipur,16. 24/7 Restaurant,5.0 of 5 bubbles,"1,158 reviews","Native American, Indian"
106,Jaipur,17. Hi-LiFE The Rooftop Grill,5.0 of 5 bubbles,234 reviews,"Indian, Mexican"
107,Jaipur,18. Topaz Restaurant - FineDine & SkyDeck (Candle Light),5.0 of 5 bubbles,342 reviews,"Indian, Asian"
108,Jaipur,19. Sheesh Mahal Bar,5.0 of 5 bubbles,184 reviews,Bar
109,Jaipur,20. Peshawri,4.5 of 5 bubbles,801 reviews,Indian
110,Jaipur,21. Chao Chinese Bistro,5.0 of 5 bubbles,244 reviews,"Chinese, Asian"
111,Jaipur,22. Monarch Restaurant,5.0 of 5 bubbles,314 reviews,Indian
112,Jaipur,23. Giardino,5.0 of 5 bubbles,437 reviews,"Italian, Pizza"
113,Jaipur,24. Dagla - The Rooftop,5.0 of 5 bubbles,155 reviews,"Indian, Bar"
114,Jaipur,25. Stepout Cafe & Book Lounge,5.0 of 5 bubbles,395 reviews,"Cafe, Healthy"
115,Jaipur,26. Okra,4.5 of 5 bubbles,"1,143 reviews","Indian, Asian"
116,Jaipur,"27. Karma Kasuri at Karma Haveli, Jaipur",5.0 of 5 bubbles,142 reviews,Indian
117,Jaipur,28. The Great Kabab Factory,5.0 of 5 bubbles,599 reviews,"Indian, Asian"
118,Jaipur,29. Jaipur Pavilion,4.5 of 5 bubbles,482 reviews,"Indian, Healthy"
119,Jaipur,30. Jal Mahal,5.0 of 5 bubbles,492 reviews,"Asian, Indian"
120,Agra,1. Good Vibes Cafe,5.0 of 5 bubbles,"2,685 reviews",Indian
121,Agra,2. Taj Terrace,5.0 of 5 bubbles,656 reviews,"Asian, Indian"
122,Agra,3. The Grand Gopika Thaal by GMB,5.0 of 5 bubbles,171 reviews,"Indian, Asian"
123,Agra,4. Tea'se Me,5.0 of 5 bubbles,"1,428 reviews",Indian
124,Agra,5. The Salt Cafe Kitchen & Bar,5.0 of 5 bubbles,544 reviews,"Indian, Bar"
125,Agra,6. Dostea Cafe,5.0 of 5 bubbles,164 reviews,Indian
126,Agra,7. Yes Restaurant,5.0 of 5 bubbles,164 reviews,Indian
127,Agra,8. Bambino Cafe And Restaurant,5.0 of 5 bubbles,227 reviews,"Indian, Cafe"
128,Agra,9. Taj Bano,4.5 of 5 bubbles,636 reviews,"Indian, Asian"
129,Agra,10. D'Delicia,5.0 of 5 bubbles,281 reviews,"Italian, Mexican"
130,Agra,11. MoMo Cafe,4.5 of 5 bubbles,428 reviews,"Indian, Asian"
131,Agra,12. Login Restaurant & Roof Top Cafe,5.0 of 5 bubbles,236 reviews,₹₹ - ₹₹₹
132,Agra,13. Peshawri,4.5 of 5 bubbles,"1,421 reviews","Afghani, Indian"
133,Agra,14. Bamboo Cafe,4.5 of 5 bubbles,492 reviews,"Indian, Asian"
134,Agra,15. Joney's Place,4.5 of 5 bubbles,"1,003 reviews","Indian, Asian"
135,Agra,16. Golden Street Restaurant,4.5 of 5 bubbles,191 reviews,"Indian, Asian"
136,Agra,17. Cafe Sheroes Hangout,4.5 of 5 bubbles,397 reviews,"Italian, Chinese"
137,Agra,18. Bob Marley Cafe & Restaurant,4.5 of 5 bubbles,850 reviews,"Indian, Asian"
138,Agra,19. The Global Savour Restaurant,5.0 of 5 bubbles,450 reviews,"Italian, Chinese"
139,Agra,20. C'est Chine,4.5 of 5 bubbles,244 reviews,"Chinese, Asian"
140,Agra,21. Green Park Restaurant,4.5 of 5 bubbles,398 reviews,"Indian, Asian"
141,Agra,22. Bon Barbecue Restaurant,4.5 of 5 bubbles,855 reviews,"Chinese, Indian"
142,Agra,23. Esphahan,4.5 of 5 bubbles,317 reviews,"Indian, Asian"
143,Agra,24. Sugar n Thyme,5.0 of 5 bubbles,119 reviews,Cafe
144,Agra,25. In dish,4.5 of 5 bubbles,155 reviews,"Chinese, Indian"
145,Agra,26. Anise,5.0 of 5 bubbles,99 reviews,Indian
146,Agra,27. Daawat-e-Nawab,4.5 of 5 bubbles,202 reviews,Indian
147,Agra,28. Shankara Vegis Restaurant,4.5 of 5 bubbles,372 reviews,"Indian, Asian"
148,Agra,29. Pind Balluchi,4.5 of 5 bubbles,761 reviews,"Indian, Asian"
149,Agra,30. Cafe TC Agra,5.0 of 5 bubbles,77 reviews,"Italian, Chinese"
150,Bengaluru,1. Kebabs & Kurries,5.0 of 5 bubbles,"1,112 reviews",Indian
151,Bengaluru,2. Lotus Pavilion,5.0 of 5 bubbles,315 reviews,"Bar, Healthy"
152,Bengaluru,3. Dakshin,5.0 of 5 bubbles,592 reviews,Indian
153,Bengaluru,4. Cubbon Pavilion,5.0 of 5 bubbles,876 reviews,"Italian, Indian"
154,Bengaluru,5. Time Traveller,5.0 of 5 bubbles,"1,485 reviews","Indian, Asian"
155,Bengaluru,6. Karavalli,4.5 of 5 bubbles,"1,270 reviews","Indian, Seafood"
156,Bengaluru,7. Layla,5.0 of 5 bubbles,101 reviews,"Mediterranean, Israeli"
157,Bengaluru,8. The Creek,5.0 of 5 bubbles,275 reviews,"Indian, Grill"
158,Bengaluru,9. Uppercut,5.0 of 5 bubbles,115 reviews,"Barbecue, Asian"
159,Bengaluru,10. Byg Brewski Brewing Company,4.5 of 5 bubbles,"1,722 reviews",Brew Pub
160,Bengaluru,11. The Royal Afghan,5.0 of 5 bubbles,709 reviews,"Indian, Afghani"
161,Bengaluru,12. Tiamo,5.0 of 5 bubbles,131 reviews,"Italian, Mediterranean"
162,Bengaluru,13. Dublin,5.0 of 5 bubbles,557 reviews,"Irish, Bar"
163,Bengaluru,14. The Raj Pavilion,5.0 of 5 bubbles,931 reviews,"Indian, Asian"
164,Bengaluru,15. Dum Pukht Jolly Nabobs,5.0 of 5 bubbles,294 reviews,Indian
165,Bengaluru,16. WBG - Whitefield Bar and Grill,5.0 of 5 bubbles,209 reviews,"Steakhouse, Bar"
166,Bengaluru,17. Alto Vino,5.0 of 5 bubbles,605 reviews,"Italian, European"
167,Bengaluru,18. One Atria Cafe,4.5 of 5 bubbles,303 reviews,"Indian, International"
168,Bengaluru,19. Mikusu,5.0 of 5 bubbles,129 reviews,"Chinese, Japanese"
169,Bengaluru,20. Saffron,5.0 of 5 bubbles,166 reviews,Indian
170,Bengaluru,21. Caraway Kitchen,5.0 of 5 bubbles,148 reviews,"American, Indian"
171,Bengaluru,22. Ssaffron,5.0 of 5 bubbles,688 reviews,Indian
172,Bengaluru,23. InAzia,5.0 of 5 bubbles,155 reviews,Thai
173,Bengaluru,24. Hype,5.0 of 5 bubbles,158 reviews,"Bar, Pub"
174,Bengaluru,25. Yataii,5.0 of 5 bubbles,211 reviews,"Japanese, Sushi"
175,Bengaluru,26. M Cafe,4.5 of 5 bubbles,600 reviews,"Indian, International"
176,Bengaluru,27. Caprese,5.0 of 5 bubbles,206 reviews,"Italian, European"
177,Bengaluru,28. Whitefield Baking Company,5.0 of 5 bubbles,245 reviews,"International, Deli"
178,Bengaluru,29. Ottimo,4.5 of 5 bubbles,326 reviews,"Italian, European"
179,Bengaluru,30. Bene,4.5 of 5 bubbles,331 reviews,"Italian, Pizza"
180,Chennai,1. R&G - GreenPark Chennai,5.0 of 5 bubbles,140 reviews,"Indian, Barbecue"
181,Chennai,2. The Cheroot Malt & Cigar Lounge,5.0 of 5 bubbles,305 reviews,"Bar, Pub"
182,Chennai,3. Willows Lounge Bar,5.0 of 5 bubbles,316 reviews,"Bar, Pub"
183,Chennai,4. MKC - Madras Kitchen Company,5.0 of 5 bubbles,176 reviews,"Indian, Asian"
184,Chennai,5. The Reef,5.0 of 5 bubbles,120 reviews,"Indian, International"
185,Chennai,6. Avartana,5.0 of 5 bubbles,389 reviews,Indian
186,Chennai,7. Seasonal Tastes,4.5 of 5 bubbles,935 reviews,"Indian, Asian"
187,Chennai,8. Sunset Grill,5.0 of 5 bubbles,263 reviews,"Bar, Seafood"
188,Chennai,9. Pan Asian,5.0 of 5 bubbles,909 reviews,"Vietnamese, Malaysian"
189,Chennai,10. Peshawri,4.5 of 5 bubbles,993 reviews,Indian
190,Chennai,11. Madras Pavilion,4.5 of 5 bubbles,858 reviews,"Indian, Asian"
191,Chennai,12. Cafe Mercara Express,4.5 of 5 bubbles,483 reviews,"Indian, Cafe"
192,Chennai,13. Ottimo Cucina Italiana,4.5 of 5 bubbles,562 reviews,"Italian, European"
193,Chennai,14. Paprika,4.5 of 5 bubbles,878 reviews,"Indian, Asian"
194,Chennai,15. Dakshin,4.5 of 5 bubbles,889 reviews,"Indian, Seafood"
195,Chennai,16. The Residency,4.5 of 5 bubbles,304 reviews,"Indian, Asian"
196,Chennai,17. Broken Bridge Cafe Indian Restaurant by Radioroom,4.5 of 5 bubbles,113 reviews,"Indian, European"
197,Chennai,18. The Flying Elephant,4.5 of 5 bubbles,597 reviews,"Asian, Italian"
198,Chennai,19. Rhapsody,4.5 of 5 bubbles,131 reviews,"Bar, Pub"
199,Chennai,20. Southern Spice,4.5 of 5 bubbles,385 reviews,"Indian, Asian"
200,Chennai,21. The Marina,4.5 of 5 bubbles,289 reviews,"Indian, Seafood"
201,Chennai,22. Annalakshmi Restaurant,4.5 of 5 bubbles,817 reviews,"Indian, Asian"
202,Chennai,23. Cappuccino,4.5 of 5 bubbles,224 reviews,"Italian, Cafe"
203,Chennai,24. Up North,4.5 of 5 bubbles,181 reviews,Indian
204,Chennai,25. Vasco's,4.5 of 5 bubbles,213 reviews,"Asian, International"
205,Chennai,26. Tranquebar,5.0 of 5 bubbles,79 reviews,"Bar, Wine Bar"
206,Chennai,27. Benjarong,4.5 of 5 bubbles,376 reviews,"Asian, Thai"
207,Chennai,28. On The Rocks,4.5 of 5 bubbles,170 reviews,"Grill, Contemporary"
208,Chennai,29. Absolute Barbecue - T-Nagar,4.5 of 5 bubbles,409 reviews,"Indian, Barbecue"
209,Chennai,30. Sangeetha Veg Restaurant,4.5 of 5 bubbles,333 reviews,"Indian, Asian"
210,Varanasi,1. Bowl of Compassion,5.0 of 5 bubbles,574 reviews,Indian
211,Varanasi,2. Vishnu Tea Emporium,5.0 of 5 bubbles,243 reviews,₹
212,Varanasi,3. The Palate,5.0 of 5 bubbles,340 reviews,"Indian, Asian"
213,Varanasi,4. Aadha-Aadha Cafe,5.0 of 5 bubbles,265 reviews,"French, Indian"
214,Varanasi,5. Tadka,5.0 of 5 bubbles,313 reviews,Indian
215,Varanasi,6. Sushi Cafe & Continental Restaurant,4.5 of 5 bubbles,212 reviews,"Chinese, Japanese"
216,Varanasi,7. Bana Lassi,5.0 of 5 bubbles,481 reviews,"Indian, Cafe"
217,Varanasi,8. Shree Shivay Varanasi,5.0 of 5 bubbles,129 reviews,"Indian, Asian"
218,Varanasi,9. Niyati Cafe,4.5 of 5 bubbles,367 reviews,"Indian, Asian"
219,Varanasi,10. Dosa Cafe,4.5 of 5 bubbles,743 reviews,"Indian, Cafe"
220,Varanasi,11. Spicy Bites,4.5 of 5 bubbles,352 reviews,"Chinese, Japanese"
221,Varanasi,12. Varanasi Cafe & Restaurant,4.5 of 5 bubbles,331 reviews,"Italian, Indian"
222,Varanasi,13. El Parador,4.5 of 5 bubbles,152 reviews,"Indian, Asian"
223,Varanasi,14. Aum Cafe,4.5 of 5 bubbles,436 reviews,"Cafe, Healthy"
224,Varanasi,15. Jyoti Cafe,4.5 of 5 bubbles,221 reviews,"Indian, Cafe"
225,Varanasi,16. Kashi Chat Bhandar,4.5 of 5 bubbles,369 reviews,"Indian, Fast food"
226,Varanasi,17. Canton Royale Restaurant,4.5 of 5 bubbles,242 reviews,"Indian, Asian"
227,Varanasi,18. Shree cafe Vegatarian Restaurant,4.5 of 5 bubbles,296 reviews,"Indian, Asian"
228,Varanasi,19. Phulwari Restaurant and Sami Cafe,4.5 of 5 bubbles,171 reviews,"Indian, Cafe"
229,Varanasi,20. Ashish Cafe,4.5 of 5 bubbles,235 reviews,"Indian, Cafe"
230,Varanasi,21. Kerala Cafe,4.5 of 5 bubbles,298 reviews,"Indian, Asian"
231,Varanasi,22. Itihaas Alley Kitchen,4.5 of 5 bubbles,232 reviews,"Indian, Asian"
232,Varanasi,23. Pizzeria Vaatika Cafe,4.0 of 5 bubbles,456 reviews,"Fast food, Italian"
233,Varanasi,24. Sparrow Cafe,4.5 of 5 bubbles,129 reviews,"Indian, Middle Eastern"
234,Varanasi,25. Roma's Cafe Diner,4.5 of 5 bubbles,92 reviews,"Indian, Asian"
235,Varanasi,26. India Family Restaurant,4.5 of 5 bubbles,150 reviews,"Indian, Asian"
236,Varanasi,27. Baati Chokha,4.5 of 5 bubbles,127 reviews,"Indian, Asian"
237,Varanasi,28. Mona Lisa Cafe,4.5 of 5 bubbles,155 reviews,"Italian, Indian"
238,Varanasi,29. Nice Restaurant,5.0 of 5 bubbles,68 reviews,Indian
239,Varanasi,30. Megu Cafe,4.5 of 5 bubbles,150 reviews,"Japanese, Sushi"
240,Udaipur,Frangipani By The Lake,4.5 of 5 bubbles,6 reviews,"Indian, International"
241,Udaipur,1. Myra by Ramada Udaipur Resort & Spa,5.0 of 5 bubbles,"1,047 reviews","Italian, Chinese"
242,Udaipur,2. Restaurant Harigarh,4.5 of 5 bubbles,"2,146 reviews","Indian, Bar"
243,Udaipur,3. Raaj Bagh,4.5 of 5 bubbles,814 reviews,"Indian, Bar"
244,Udaipur,4. Aravali Lakeview by Radisson Blu Udaipur,5.0 of 5 bubbles,666 reviews,"Italian, Indian"
245,Udaipur,5. Fresh Food Cafe,5.0 of 5 bubbles,141 reviews,"Indian, Asian"
246,Udaipur,Bougainvillea Terrace by the lake,5.0 of 5 bubbles,3 reviews,"Indian, Bar"
247,Udaipur,6. SABOR World Cuisine Restaurant,5.0 of 5 bubbles,269 reviews,"Indian, Asian"
248,Udaipur,7. Cafe La Comida,5.0 of 5 bubbles,159 reviews,Cafe
249,Udaipur,8. Syah,5.0 of 5 bubbles,88 reviews,"Indian, Contemporary"
250,Udaipur,9. Kotra Haveli Roof Top Restaurant & Cafe,5.0 of 5 bubbles,169 reviews,"Indian, Asian"
251,Udaipur,10. Jaiwana Haveli Roof Top Restaurant,4.5 of 5 bubbles,"1,648 reviews","Indian, Cafe"
252,Udaipur,Madri Haveli Restaurant,4.5 of 5 bubbles,76 reviews,Indian
253,Udaipur,11. Lake Shore Restaurant,5.0 of 5 bubbles,623 reviews,"European, Indian"
254,Udaipur,12. Helloboho Lake side Restaurant,5.0 of 5 bubbles,226 reviews,"Italian, Indian"
255,Udaipur,13. White Terrace Restaurant,5.0 of 5 bubbles,511 reviews,"Indian, Asian"
256,Udaipur,14. Yummy Yoga,5.0 of 5 bubbles,912 reviews,"Italian, Indian"
257,Udaipur,15. Dining Room,4.5 of 5 bubbles,212 reviews,"Indian, Mediterranean"
258,Udaipur,16. Udai Art Cafe,4.5 of 5 bubbles,382 reviews,"Cafe, Healthy"
259,Udaipur,17. cafeRA,5.0 of 5 bubbles,193 reviews,"Indian, Cafe"
260,Udaipur,18. Savage Garden,4.5 of 5 bubbles,654 reviews,"Italian, Indian"
261,Udaipur,19. Khamma Ghani Restaurant,5.0 of 5 bubbles,"1,423 reviews","Indian, International"
262,Udaipur,20. Grasswood Cafe,4.5 of 5 bubbles,835 reviews,"Pizza, Fast food"
263,Udaipur,21. Neelam Restaurant,4.5 of 5 bubbles,398 reviews,Indian
264,Udaipur,"22. SUNSET VIEW ""A Tandoori Restaurant""",4.5 of 5 bubbles,321 reviews,"Chinese, Indian"
265,Udaipur,23. Chirag Roof Top Restaurant,4.5 of 5 bubbles,299 reviews,"Indian, Asian"
266,Udaipur,24. Paps Juice,4.5 of 5 bubbles,268 reviews,₹
267,Udaipur,25. Lotus Cafe & Restaurant,4.5 of 5 bubbles,390 reviews,"Indian, Asian"
268,Udaipur,26. Cafe Satori,4.5 of 5 bubbles,399 reviews,"Italian, Pizza"
269,Udaipur,27. tribute,4.5 of 5 bubbles,678 reviews,"International, Grill"
270,Udaipur,28. Jhumar Restaurant,4.5 of 5 bubbles,499 reviews,"Indian, Asian"
271,Udaipur,29. Charcoal by Carlsson,4.5 of 5 bubbles,621 reviews,"Indian, Barbecue"
272,Udaipur,30. Krishna Dal Bati Restro,4.5 of 5 bubbles,398 reviews,"Indian, Asian"
273,Srinagar,1. Ahdoos,4.0 of 5 bubbles,"1,096 reviews","Indian, Asian"
274,Srinagar,2. Stream Restaurant,4.5 of 5 bubbles,468 reviews,"Chinese, Indian"
275,Srinagar,3. Krishna Vaishno Dhaba,4.0 of 5 bubbles,887 reviews,"Indian, Asian"
276,Srinagar,4. Shamyana Restaurant,4.0 of 5 bubbles,549 reviews,Asian
277,Srinagar,5. Nathu Sweets,4.0 of 5 bubbles,212 reviews,"Indian, Fast food"
278,Srinagar,6. Lacima cafe and pizzeria,5.0 of 5 bubbles,102 reviews,"Italian, Pizza"
279,Srinagar,7. Mughal Darbar,3.5 of 5 bubbles,754 reviews,"Indian, Asian"
280,Srinagar,8. Earthen Oven Restaurant,5.0 of 5 bubbles,40 reviews,"Indian, Asian"
281,Srinagar,9. Chai Jaai,4.5 of 5 bubbles,60 reviews,"Coffee & Tea, Cafe"
282,Srinagar,10. Lhasa Restaurant,4.0 of 5 bubbles,238 reviews,"Chinese, Indian"
283,Srinagar,11. Jee Enn Bakery,4.5 of 5 bubbles,64 reviews,"Bakeries, Fast food"
284,Srinagar,12. Nedous Dining Room,4.0 of 5 bubbles,71 reviews,Indian
285,Srinagar,13. Wazwan,4.5 of 5 bubbles,63 reviews,"Indian, Asian"
286,Srinagar,"14. The Chinar at The LaLiT Grand Palace, Srinagar",4.0 of 5 bubbles,195 reviews,Indian
287,Srinagar,15. Punjabi Tadka,4.0 of 5 bubbles,53 reviews,"Indian, Asian"
288,Srinagar,16. Pincer Vegetarian Foods,4.0 of 5 bubbles,57 reviews,"Indian, Deli"
289,Srinagar,17. Niramish,4.5 of 5 bubbles,47 reviews,"Indian, International"
290,Srinagar,18. Mummy Please,4.0 of 5 bubbles,59 reviews,"Indian, Fast food"
291,Srinagar,19. Cafe de Lintz,4.0 of 5 bubbles,37 reviews,"Indian, Chinese"
292,Srinagar,20. Winterfell Cafe,4.5 of 5 bubbles,41 reviews,"Cafe, International"
293,Srinagar,21. Hollywood Bakery,4.5 of 5 bubbles,24 reviews,"Bakeries, Fast food"
294,Srinagar,22. 14th Avenue Cafe Grill & Bakeshop,4.0 of 5 bubbles,57 reviews,"Cafe, Italian"
295,Srinagar,"23. Jade Dragon, Vivanta Taj Hotel",4.0 of 5 bubbles,31 reviews,"Asian, Chinese"
296,Srinagar,24. Creme,5.0 of 5 bubbles,10 reviews,"Coffee & Tea, Indian"
297,Srinagar,25. Delhi Rasoi,4.0 of 5 bubbles,21 reviews,"Indian, Fast food"
298,Srinagar,26. 11 Plates Food Cafe,4.5 of 5 bubbles,17 reviews,"Chinese, American"
299,Srinagar,27. Jan Bakery,4.0 of 5 bubbles,32 reviews,Bakeries
300,Srinagar,28. The Chocolate ROOM Srinagar J&K,4.0 of 5 bubbles,41 reviews,"Dessert, Indian"
301,Srinagar,29. Tall Tree Restaurant,4.5 of 5 bubbles,14 reviews,"Indian, Asian"
302,Srinagar,30. Fat Panda,5.0 of 5 bubbles,8 reviews,"Thai, Chinese"
303,Shimla,1. The Restaurant,4.5 of 5 bubbles,267 reviews,"Indian, Asian"
304,Shimla,2. Hide Out Cafe,4.5 of 5 bubbles,474 reviews,"Chinese, Cafe"
305,Shimla,3. Wake and Bake,4.5 of 5 bubbles,779 reviews,"French, Indian"
306,Shimla,4. Cafe Simla Times,4.5 of 5 bubbles,688 reviews,"Italian, Chinese"
307,Shimla,5. Himachali Rasoi,4.5 of 5 bubbles,162 reviews,"Indian, Asian"
308,Shimla,6. Eighteen71- Cookhouse & Bar,4.5 of 5 bubbles,182 reviews,"Indian, Bar"
309,Shimla,7. Cafe Sol,4.0 of 5 bubbles,361 reviews,"Italian, Mexican"
310,Shimla,8. Cafe Under Tree,4.5 of 5 bubbles,74 reviews,"Indian, Cafe"
311,Shimla,9. 45 The Central,4.5 of 5 bubbles,104 reviews,"Indian, Asian"
312,Shimla,10. Sita Ram And Sons,4.5 of 5 bubbles,80 reviews,"Asian, Indian"
313,Shimla,11. The Corner Cafe,5.0 of 5 bubbles,19 reviews,"Italian, Indian"
314,Shimla,12. Guptajees Vsishnav Bhojnalaya,4.0 of 5 bubbles,115 reviews,"Indian, Asian"
315,Shimla,13. Ashiana & Goofa,3.5 of 5 bubbles,324 reviews,"Indian, Asian"
316,Shimla,14. The Restaurant at the Oberoi Wildflower Hall,4.5 of 5 bubbles,256 reviews,"Chinese, Indian"
317,Shimla,15. Hotel Combermere,4.0 of 5 bubbles,85 reviews,"Indian, Chinese"
318,Shimla,16. The Brew Estate Shimla,4.5 of 5 bubbles,74 reviews,"Indian, Bar"
319,Shimla,17. The Devicos,4.0 of 5 bubbles,127 reviews,"Fast food, Indian"
320,Shimla,18. Tripti Restaurant,4.0 of 5 bubbles,60 reviews,"Indian, Asian"
321,Shimla,19. Moti Mahal Delux Restaurant,4.5 of 5 bubbles,54 reviews,"Indian, Chinese"
322,Shimla,20. La Pino'z Pizza,4.0 of 5 bubbles,80 reviews,"Pizza, Italian"
323,Shimla,21. Alfa Restaurant,4.0 of 5 bubbles,91 reviews,"Indian, Asian"
324,Shimla,22. Aunty's Kitchen,4.0 of 5 bubbles,48 reviews,"Chinese, Asian"
325,Shimla,23. Sher E Punjab,3.5 of 5 bubbles,254 reviews,"Indian, Asian"
326,Shimla,24. Punjabi Rasoi,4.5 of 5 bubbles,20 reviews,Indian
327,Shimla,25. Cafe Valley Vue,4.5 of 5 bubbles,20 reviews,Indian
328,Shimla,26. Scandal Delights,4.0 of 5 bubbles,86 reviews,"Bar, Chinese"
329,Shimla,27. Shingar Restaurant,4.0 of 5 bubbles,23 reviews,"Indian, Chinese"
330,Shimla,28. Prem Chat Shop,4.0 of 5 bubbles,23 reviews,"Indian, Fast food"
331,Shimla,29. Pappi Ka dhaba,4.0 of 5 bubbles,18 reviews,"Indian, Asian"
332,Shimla,30. Seventh Heaven,4.0 of 5 bubbles,40 reviews,"Indian, Asian"
333,Pune,1. Paasha,4.5 of 5 bubbles,854 reviews,Indian
334,Pune,2. Cafe Blu,5.0 of 5 bubbles,245 reviews,"Indian, Asian"
335,Pune,3. Chingari,5.0 of 5 bubbles,816 reviews,Indian
336,Pune,4. Shakahari,4.5 of 5 bubbles,312 reviews,₹₹₹₹
337,Pune,5. Alto Vino,4.5 of 5 bubbles,304 reviews,"Wine Bar, Italian"
338,Pune,6. Kangan,4.5 of 5 bubbles,344 reviews,₹₹₹₹
339,Pune,7. The Market,5.0 of 5 bubbles,100 reviews,"Indian, International"
340,Pune,8. Coriander Kitchen,4.5 of 5 bubbles,194 reviews,"Indian, Asian"
341,Pune,9. Spice Kitchen,4.5 of 5 bubbles,902 reviews,"Indian, Asian"
342,Pune,10. Sorriso,4.5 of 5 bubbles,142 reviews,"Italian, Deli"
343,Pune,11. Mi-A-Mi,4.5 of 5 bubbles,129 reviews,"Chinese, Bar"
344,Pune,12. Baan Tao,4.5 of 5 bubbles,329 reviews,"Chinese, Asian"
345,Pune,13. Le Plaisir,4.5 of 5 bubbles,194 reviews,"Italian, Cafe"
346,Pune,14. Seasonal Tastes,4.5 of 5 bubbles,383 reviews,"Indian, International"
347,Pune,15. Savya Rasa,4.5 of 5 bubbles,196 reviews,"Indian, Asian"
348,Pune,16. Sante Spa Cuisine,4.5 of 5 bubbles,123 reviews,Healthy
349,Pune,17. Mix@36,4.5 of 5 bubbles,199 reviews,"Bar, International"
350,Pune,18. Feast,5.0 of 5 bubbles,522 reviews,"Chinese, Indian"
351,Pune,19. Ukiyo,5.0 of 5 bubbles,55 reviews,"Japanese, Sushi"
352,Pune,20. Barbeque Nation,4.5 of 5 bubbles,515 reviews,"Indian, Barbecue"
353,Pune,21. Barbeque Nation,4.5 of 5 bubbles,"1,200 reviews","Bar, Grill"
354,Pune,22. Vohuman Cafe,4.5 of 5 bubbles,327 reviews,"Cafe, Fast food"
355,Pune,23. Arthur's Theme,4.0 of 5 bubbles,273 reviews,"Italian, European"
356,Pune,24. Malaka Spice,4.5 of 5 bubbles,"1,657 reviews","Seafood, Asian"
357,Pune,25. The Place - Touche The Sizzler,4.5 of 5 bubbles,257 reviews,"Indian, International"
358,Pune,26. MoMo Cafe,4.5 of 5 bubbles,109 reviews,"Japanese, Asian"
359,Pune,27. Vaishali Restaurant,4.0 of 5 bubbles,"2,299 reviews","Indian, Fast food"
360,Pune,28. Shabree,4.0 of 5 bubbles,244 reviews,Indian
361,Pune,29. Evviva Sky Lounge,4.5 of 5 bubbles,127 reviews,"Bar, Mexican"
362,Pune,30. Sukanta Pure Veg Indian Thali,4.0 of 5 bubbles,268 reviews,"Indian, Asian"
363,Noida,1. I Sacked Newton,4.5 of 5 bubbles,231 reviews,"Italian, Mexican"
364,Noida,2. Barbeque Nation,4.5 of 5 bubbles,691 reviews,"Indian, Barbecue"
365,Noida,3. Rare Eastern Dining,4.5 of 5 bubbles,121 reviews,"Chinese, Japanese"
366,Noida,4. Infinity,5.0 of 5 bubbles,194 reviews,"Indian, International"
367,Noida,5. Burma Burma Restaurant & Tea Room,4.5 of 5 bubbles,57 reviews,"Asian, Burmese"
368,Noida,6. Pirates Of Grill,4.0 of 5 bubbles,220 reviews,"Indian, Barbecue"
369,Noida,7. World Cafe,5.0 of 5 bubbles,83 reviews,"Chinese, Indian"
370,Noida,8. Desi Vibes,4.0 of 5 bubbles,641 reviews,Indian
371,Noida,9. Berco's Noida,4.0 of 5 bubbles,400 reviews,"Chinese, Asian"
372,Noida,10. Mosaic Restaurant,4.5 of 5 bubbles,92 reviews,"Indian, European"
373,Noida,11. Punjabi By Nature,4.0 of 5 bubbles,310 reviews,"Indian, Asian"
374,Noida,12. Mainland China,4.0 of 5 bubbles,288 reviews,"Chinese, Asian"
375,Noida,13. The Great Kabab Factory,4.5 of 5 bubbles,104 reviews,Indian
376,Noida,14. Barish Moon Bar,5.0 of 5 bubbles,31 reviews,"Indian, Bar"
377,Noida,15. Cafe On 3,5.0 of 5 bubbles,244 reviews,"Indian, Cafe"
378,Noida,16. Mamagoto,4.0 of 5 bubbles,83 reviews,"Chinese, Asian"
379,Noida,17. Lakshmi Coffee House,4.0 of 5 bubbles,122 reviews,Indian
380,Noida,18. Barbeque Nation,4.5 of 5 bubbles,199 reviews,"Indian, Barbecue"
381,Noida,19. SXVIII,4.0 of 5 bubbles,82 reviews,"Indian, International"
382,Noida,20. Radisson Noida,4.0 of 5 bubbles,106 reviews,"International, Indian"
383,Noida,21. Made in India,4.5 of 5 bubbles,70 reviews,Indian
384,Noida,22. Made IN Punjab,4.0 of 5 bubbles,127 reviews,Indian
385,Noida,23. SodaBottleOpenerWala,4.0 of 5 bubbles,197 reviews,"Indian, Asian"
386,Noida,24. Ni Hao,4.5 of 5 bubbles,32 reviews,"Chinese, Asian"
387,Noida,25. McDonald's,4.0 of 5 bubbles,159 reviews,"Fast food, American"
388,Noida,26. Naivedhyam Noida,4.0 of 5 bubbles,62 reviews,"Indian, Asian"
389,Noida,27. Time Machine,4.0 of 5 bubbles,52 reviews,"Chinese, Indian"
390,Noida,28. Dunkin' Donuts,4.0 of 5 bubbles,92 reviews,"American, Fast food"
391,Noida,29. Crazy Noodles,4.0 of 5 bubbles,94 reviews,"Chinese, Asian"
392,Noida,30. Pind Balluchi,3.5 of 5 bubbles,209 reviews,"Indian, Asian"
393,Goa,1. Kava,5.0 of 5 bubbles,86 reviews,"Italian, Indian"
394,Goa,2. Treetop Tava,5.0 of 5 bubbles,210 reviews,"Indian, Bar"
395,Goa,3. Chique Shanti,5.0 of 5 bubbles,104 reviews,"Indian, Bar"
396,Goa,4. Mosaic,5.0 of 5 bubbles,140 reviews,"Italian, Chinese"
397,Goa,5. Spice Goa,5.0 of 5 bubbles,79 reviews,"Indian, Bar"
398,Goa,6. Barbeque Bay,5.0 of 5 bubbles,124 reviews,"Indian, Seafood"
399,Goa,7. Amavi by Sumera,5.0 of 5 bubbles,293 reviews,"International, European"
400,Goa,8. Ourem 88,5.0 of 5 bubbles,361 reviews,European
401,Goa,9. Nireas - Healthy Haven -,5.0 of 5 bubbles,189 reviews,"Cafe, Healthy"
402,Goa,10. Sea Breeze,5.0 of 5 bubbles,300 reviews,"Indian, Seafood"
403,Goa,11. Zest Vegan and Vegetarian Restaurant,5.0 of 5 bubbles,156 reviews,"Indian, Cafe"
404,Goa,12. Chef Cantando,5.0 of 5 bubbles,102 reviews,"Italian, American"
405,Goa,13. Zest,4.5 of 5 bubbles,575 reviews,"European, Fusion"
406,Goa,14. Copperleaf,4.5 of 5 bubbles,676 reviews,"Indian, Seafood"
407,Goa,15. The Caravela Cafe and Bistro,4.5 of 5 bubbles,160 reviews,"Coffee & Tea, Cafe"
408,Goa,16. Little World,4.5 of 5 bubbles,826 reviews,"Indian, Cafe"
409,Goa,17. Hangout Ashvem,5.0 of 5 bubbles,72 reviews,"Indian, Bar"
410,Goa,18. Relish Unique Dining & Bar,4.5 of 5 bubbles,281 reviews,"Indian, Asian"
411,Goa,19. Bluebird,4.5 of 5 bubbles,202 reviews,"Indian, Seafood"
412,Goa,20. Spice Traders,4.5 of 5 bubbles,213 reviews,"Chinese, Japanese"
413,Goa,21. Chef Soumyen's Kitchen,4.5 of 5 bubbles,916 reviews,"Seafood, European"
414,Goa,22. Goa's Ark,4.5 of 5 bubbles,349 reviews,"Mediterranean, Barbecue"
415,Goa,23. Jardin d'Ulysse,4.5 of 5 bubbles,398 reviews,"Seafood, European"
416,Goa,24. Relish,4.5 of 5 bubbles,411 reviews,"Indian, Asian"
417,Goa,25. Mandala Cafe,4.5 of 5 bubbles,227 reviews,"Indian, Cafe"
418,Goa,26. Stringfellows Beach Shack,4.5 of 5 bubbles,348 reviews,"Bar, Seafood"
419,Goa,27. The Black Sheep Bistro,4.5 of 5 bubbles,"1,149 reviews","European, Contemporary"
420,Goa,28. Cavatina Cuchina,4.5 of 5 bubbles,488 reviews,"European, Contemporary"
421,Goa,29. Fire & Ice,4.5 of 5 bubbles,516 reviews,"Indian, Asian"
422,Goa,30. Jamies Restaurant,4.5 of 5 bubbles,871 reviews,"Seafood, European"
